panthers@uole.com panama@uole.com pancholo panty@uole.com japanese@geocities.com peterpaniscool@geocities.com japan@uole.com pang cheezypantz panasonic@uole.com benjipants japanese panhead spanky88 scottyredpants pan@geocities.com japanes sweetocompany pan@uole.com supersmartypants pantostado1066 whitepandas dandypants19 rozepanter pandaro@geocities.com robotpanda69 panama pinkpanda304 espanol@uole.com spanish eyeampandasaur pankakeman11 pandacakes1118 peterpan companion@uole.com kepano@geocities.com pancakewagon lepanetta@cia.gov panim1234 pandas panda@uole.com bladespan pantherspwn spanky1 panthress@geocities.com panasoni CaptianBobpants pants37 jonathanpanda drpanda thepandalegend 50spanks peterpanie@geocities.com pandaboy45 eternal_panda japan pancake pantera panther pancho@uole.com panterarox@geocities.com pane@uole.com pants noahpan@geocities.com ahugepancake pantera1 apan98 expansion@uole.com epicpancakes123 hevy_panda salaspangler panner2 panthers panorama@uole.com spanner espana companions@geocities.com supppanutz panties ikill4pancakes panda panman111 panther@uole.com monkeypants101 panic@uole.com panic panes@uole.com awesomepants623 panda_god82 japanees rascistpanda saxypanda ixpantherix355 company frankythepanic panda1 pandabeer1337 _pandaboi_ panjandrumsprout 24thpanda tjgpanda rafaelpanilio12 fancypantsqq andypandy0912 pancho panther1 pansy@uole.com apan145 private_pancake purpledinopanda pandemonium@uole.com thepanda27 stalepancakes pirpan@geocities.com spanky pannkakaa thesecondpancake killingkompany@geocities.com pant@uole.com pinkpanties@geocities.com handicappanda35 panteraforlife karapan@geocities.com spanish@uole.com Evilpancake102 japaneselard panda_are_cool spaniard@uole.com spanking rsnpanda125 pandora spank pander@uole.com iammcpanda pantlessron krankepants spanker michalpando companysniper pancreas@uole.com pans@uole.com 20spanks korosiivepanda Chubbypanda4 span@uole.com Japanintokyo thypanda panzer pants@geocities.com pancakes11 aquaticpanda99 japanese@uole.com xpandaa spankme pandastripes pandora@uole.com pank@uole.com panzerkin807 crankypants123 911panda ninjapancakes Snikypanda123 mmmpancakes pandora12142 mrpuffypantsv pantie aspan5 pancake_mixx panzaijoe panty@geocities.com cupanoodle321 danpang@geocities.com pandus@geocities.com panda4u panasonic obtusepanda Marzepan panda_b3ar papand7 pangeacraft nicecompany@geocities.com shpank buonpane55 xxpandafreakxx harsh_pandya pantherszr@geocities.com
